{"initial_reset_timestamp": 114378.51934375, "timestamps": [114394.395286667, 114407.027419542, 114422.779166209], "episode_lengths": [3823, 3048, 2390], "episode_rewards": [35000.0, 25400.0, 18000.0], "episode_types": ["t", "t", "t"]}