{"initial_reset_timestamp": 120395.943777542, "timestamps": [120399.833597167, 120404.917661167, 120407.837977917, 120411.411447, 120415.397788792, 120417.60111875, 120420.886957625, 120423.880906417, 120428.037444292, 120430.472274042, 120433.560917417, 120436.672071833, 120438.879442625, 120442.6619, 120446.016889583, 120449.728924583, 120452.644323083, 120455.763675583, 120458.385648167, 120461.639791375], "episode_lengths": [2114, 2955, 2354, 2977, 3011, 1764, 2611, 2457, 2413, 1951, 2437, 2581, 1859, 2847, 2231, 2765, 1989, 2339, 2077, 2688], "episode_rewards": [4600.0, 7000.0, 6500.0, 11000.0, 10200.0, 5600.0, 8200.0, 7600.0, 7300.0, 5400.0, 8700.0, 9000.0, 4400.0, 9100.0, 6600.0, 7700.0, 6200.0, 6700.0, 6900.0, 8700.0], "episode_types": ["t", "t", "t", "t", "t", "t", "t", "t", "t", "t", "t", "t", "t", "t", "t", "t", "t", "t", "t", "t"]}